{
  "feature_cols": [
    "region",
    "district",
    "pcode",
    "admin0",
    "year",
    "n",
    "n_u5",
    "n_died",
    "n_died_u5",
    "p_time",
    "p_time_u5",
    "qualityScore",
    "hh_weights",
    "lhz_type",
    "Recall_Days",
    "cdi",
    "cdi_lag4",
    "cdi_lag5",
    "cdi_lag5_scn",
    "cdi_lag6",
    "dep_rate",
    "dep_rate_sqt",
    "dep_rate_sqt_scn",
    "pop_average",
    "pop_average_low",
    "pop_average_u5",
    "pop_average_u5_low",
    "pop_average_u5_upp",
    "pop_average_upp",
    "prop_idp",
    "prop_idp_scn",
    "rainfall",
    "rainfall_lag4",
    "rainfall_lag5",
    "rainfall_lag5_scn",
    "rainfall_lag6",
    "sam_admissions",
    "sam_admissions_rate",
    "sam_admissions_rate_lag1",
    "sam_admissions_rate_lag1_scn",
    "sam_admissions_rate_lag2",
    "tot_goat_cereal_smooth",
    "tot_goat_cereal_smooth_lag2"
  ],
  "numeric_cols": [
    "year",
    "n",
    "n_u5",
    "n_died",
    "n_died_u5",
    "p_time",
    "p_time_u5",
    "qualityScore",
    "hh_weights",
    "Recall_Days",
    "cdi",
    "cdi_lag4",
    "cdi_lag5",
    "cdi_lag5_scn",
    "cdi_lag6",
    "dep_rate",
    "dep_rate_sqt",
    "dep_rate_sqt_scn",
    "pop_average",
    "pop_average_low",
    "pop_average_u5",
    "pop_average_u5_low",
    "pop_average_u5_upp",
    "pop_average_upp",
    "prop_idp",
    "prop_idp_scn",
    "rainfall",
    "rainfall_lag4",
    "rainfall_lag5",
    "rainfall_lag5_scn",
    "rainfall_lag6",
    "sam_admissions",
    "sam_admissions_rate",
    "sam_admissions_rate_lag1",
    "sam_admissions_rate_lag1_scn",
    "sam_admissions_rate_lag2",
    "tot_goat_cereal_smooth",
    "tot_goat_cereal_smooth_lag2"
  ],
  "means": [
    5.2, 15.8, 0.0, 0.0, 2022.5, 1250.0, 400.0, 35.0, 15.0, 28.5, 35.2, 85.4, 2.1, 2.5, 30.0, 0.68, 0.72, 0.69, 0.71,
    0.67, 1.8, 1.9, 1.85, 125000.0, 118000.0, 25000.0, 23500.0, 26500.0, 132000.0, 0.18, 0.15, 450.0, 480.0, 460.0,
    490.0, 440.0, 850.0, 1.2, 1.4, 1.3, 1.1, 2.8, 2.6
  ],
  "stds": [
    2.1, 8.4, 1.0, 1.0, 1.5, 450.0, 180.0, 25.0, 12.0, 8.2, 12.5, 12.8, 0.8, 1.2, 8.0, 0.15, 0.18, 0.16, 0.17, 0.14,
    0.6, 0.7, 0.65, 85000.0, 82000.0, 18000.0, 17000.0, 19000.0, 88000.0, 0.12, 0.1, 180.0, 190.0, 185.0, 195.0, 175.0,
    420.0, 0.8, 0.9, 0.85, 0.7, 1.2, 1.1
  ],
  "encoder_maps": {
    "region": {
      "Awdal": 0,
      "Bakool": 1,
      "Banadir": 2,
      "Bari": 3,
      "Bay": 4,
      "Galgaduud": 5,
      "Gedo": 6,
      "Hiraan": 7,
      "Lower Juba": 8,
      "Lower Shabelle": 9,
      "Middle Shabelle": 10,
      "Mudug": 11,
      "Nugaal": 12,
      "Sanaag": 13,
      "Sool": 14,
      "Togdheer": 15,
      "Woqooyi Galbeed": 16
    },
    "district": {
      "Baki": 0,
      "Borama": 1,
      "Lughaye": 2,
      "Zeylac": 3,
      "Ceel Barde": 4,
      "Waajid": 5,
      "Xudur": 6,
      "Banadir": 7,
      "Bandarbeyla": 8,
      "Bossaso": 9,
      "Caluula": 10,
      "Iskushuban": 11,
      "Qandala": 12,
      "Qardho": 13,
      "Baidoa": 14,
      "Burhakaba": 15,
      "Dinsoor": 16,
      "Adado": 17,
      "Dhuusamarreeb": 18,
      "Guriel": 19,
      "Bardera": 20,
      "El Wak": 21,
      "Luuq": 22,
      "Beletweyne": 23,
      "Mahas": 24,
      "Kismayo": 25,
      "Jamaame": 26,
      "Marka": 27,
      "Qoryooley": 28,
      "Jowhar": 29,
      "Adale": 30,
      "Gaalkacyo": 31,
      "Hobyo": 32,
      "Garowe": 33,
      "Eyl": 34,
      "Ceel Afweyn": 35,
      "Ceerigaabo": 36,
      "Laasqoray": 37,
      "Caynabo": 38,
      "Laas Caanood": 39,
      "Taleex": 40,
      "Xudun": 41,
      "Burco": 42,
      "Buuhoodle": 43,
      "Owdweyne": 44,
      "Sheikh": 45,
      "Berbera": 46,
      "Gebiley": 47,
      "Hargeysa": 48
    },
    "admin0": {
      "Somalia": 0
    },
    "lhz_type": {
      "Pastoral": 0,
      "Agro-pastoral": 1,
      "Urban": 2,
      "Riverine": 3,
      "Coastal": 4
    }
  }
}
